Designator,Footprint,Quantity,Value,LCSC Part #
BZ201,Buzzer_12x9.5RM7.6,1,Buzzer,
"C201, C202, C203, C204, C401, C402, C403, C404, C501, C502",0603,10,0.1u,
"C503, C504, C505",0603,3,4.7uF,
"D201, D202, D203",0603,3,LED,
"H101, H102, H103, H104",MountingHole_3.2mm_M3_ISO7380_Pad,4,MountingHole,
IC401,LGA16R50P3X5_300X300X100,1,H3LIS200DLTR,
IC501,ADXL335BCPZ,1,ADXL335BCPZ,
"J301, J302",PinSocket_2x26_P2.54mm_Vertical,2,Conn_02x26_Odd_Even,
"JP201, JP501",SolderJumper-2_P1.3mm_Open_RoundedPad1.0x1.5mm,2,Jumper_2_Open,
"R201, R202, R203, R204",0603,4,2k,
"R205, R206, R207, R208",0603,4,10k,
R401,0603,1,0R,
"TP101, TP102, TP103, TP104, TP105, TP106, TP107, TP108, TP109, TP110, TP111, TP112",TestPoint_THTPad_1.0x1.0mm_Drill0.5mm,12,TestPoint,
U201,BeagleBoard_PocketBeagle,1,PocketBeagle,
